Dates,12M,18M,2Y,3Y,4Y,5Y,6Y,7Y,8Y,9Y,10Y,12Y,15Y,20Y,25Y,30Y
2/27/2026,3.4244,3.2752,3.2086,3.1623,3.1815,3.224,3.2806,3.3412,3.4017,3.4605,3.5172,3.6234,3.7506,3.8673,3.8953,3.8795
2/26/2026,3.4528,3.3165,3.2601,3.2242,3.2491,3.2958,3.3541,3.4157,3.4762,3.5346,3.5915,3.6967,3.8228,3.9376,3.9639,3.9468
2/25/2026,3.4815,3.3557,3.3031,3.2715,3.2962,3.3426,3.4001,3.4614,3.5209,3.579,3.6349,3.7388,3.864,3.9771,4.002,3.9838
2/24/2026,3.4712,3.3391,3.2805,3.2407,3.26,3.3031,3.361,3.4231,3.4838,3.5423,3.5992,3.7048,3.8312,3.946,3.972,3.9545
2/23/2026,3.4532,3.3134,3.2539,3.2184,3.2454,3.2939,3.3562,3.4215,3.4852,3.5459,3.6043,3.7137,3.8444,3.9625,3.9909,3.9758
2/20/2026,3.4699,3.3461,3.2984,3.2789,3.31,3.359,3.4216,3.486,3.5482,3.6073,3.6642,3.7682,3.8925,4.0033,4.026,4.0064
2/19/2026,3.4492,3.3249,3.2805,3.2681,3.3046,3.3565,3.4182,3.4817,3.5423,3.6005,3.6563,3.7593,3.8823,3.992,4.014,3.9934
2/18/2026,3.4473,3.3263,3.2841,3.2766,3.3167,3.3717,3.4351,3.5,3.5617,3.6203,3.6764,3.7795,3.9019,4.01,4.0315,4.0104
2/17/2026,3.4328,3.3035,3.2575,3.2481,3.2876,3.3425,3.4066,3.4721,3.5348,3.5939,3.6503,3.7545,3.8787,3.9887,4.0115,3.991
2/16/2026,3.4071,3.2791,3.2362,3.2312,3.2727,3.329,3.3944,3.4608,3.5248,3.5848,3.642,3.7485,3.8761,3.9901,4.0155,3.997
2/13/2026,3.4071,3.2791,3.2362,3.2312,3.2727,3.329,3.3944,3.4608,3.5248,3.5848,3.642,3.7485,3.8761,3.9901,4.0155,3.997
2/12/2026,3.4322,3.3159,3.2808,3.282,3.3249,3.3803,3.4455,3.5111,3.5738,3.633,3.6891,3.7929,3.9174,4.028,4.0507,4.0301
2/11/2026,3.4651,3.3652,3.3408,3.3551,3.405,3.4643,3.5302,3.5957,3.6571,3.7154,3.771,3.8743,3.9979,4.108,4.13,4.1085
2/10/2026,3.404,3.3059,3.2848,3.3037,3.3601,3.4257,3.4952,3.5637,3.6274,3.6874,3.7446,3.8504,3.9772,4.09,4.1134,4.0927
2/9/2026,3.4242,3.3314,3.3165,3.3434,3.4018,3.4682,3.5406,3.6111,3.6768,3.7385,3.7967,3.9051,4.0344,4.149,4.1735,4.1537
2/6/2026,3.436,3.3451,3.332,3.3603,3.4186,3.4835,3.5536,3.622,3.6855,3.7457,3.8024,3.9086,4.0356,4.1481,4.1707,4.1495
2/5/2026,3.4001,3.3035,3.2852,3.3099,3.3709,3.4395,3.5112,3.581,3.6462,3.7075,3.7659,3.8745,4.0043,4.1193,4.144,4.124
2/4/2026,3.4907,3.4042,3.3936,3.4252,3.4856,3.5527,3.6238,3.6933,3.7576,3.818,3.8755,3.9825,4.1095,4.2219,4.2447,4.2233
2/3/2026,3.5023,3.4173,3.4072,3.4359,3.4923,3.5557,3.6241,3.6916,3.754,3.8129,3.8688,3.9731,4.0978,4.2074,4.2284,4.2052
2/2/2026,3.5038,3.4181,3.4076,3.4368,3.4957,3.5625,3.634,3.7041,3.7687,3.8296,3.8871,3.993,4.1194,4.2297,4.2513,4.2292
1/30/2026,3.471,3.3778,3.3629,3.3893,3.4493,3.5172,3.5905,3.6623,3.7282,3.7905,3.8493,3.9569,4.0853,4.1973,4.2207,4.1995
1/29/2026,3.4952,3.4099,3.399,3.4263,3.4843,3.5485,3.6164,3.683,3.7445,3.8029,3.8585,3.9616,4.0856,4.1945,4.2154,4.1926
1/28/2026,3.5084,3.4223,3.4128,3.4426,3.5012,3.5654,3.6331,3.6998,3.7613,3.8195,3.8748,3.9777,4.1012,4.2092,4.229,4.2059
1/27/2026,3.502,3.4184,3.4091,3.4389,3.498,3.5625,3.6307,3.6977,3.7593,3.8178,3.8734,3.9763,4.0997,4.2066,4.226,4.2019
1/26/2026,3.522,3.4407,3.4324,3.4586,3.511,3.5688,3.6318,3.6944,3.753,3.8083,3.8613,3.9609,4.0811,4.1852,4.2008,4.1745
1/23/2026,3.5227,3.4417,3.4334,3.4615,3.5136,3.5711,3.6358,3.7003,3.7604,3.8178,3.8725,3.9749,4.0977,4.2044,4.2223,4.1964
1/22/2026,3.5331,3.4544,3.4482,3.4774,3.5321,3.5917,3.6568,3.7213,3.781,3.8381,3.8925,3.9933,4.114,4.2171,4.232,4.203
1/21/2026,3.523,3.4384,3.4267,3.4525,3.5075,3.5694,3.6371,3.7048,3.7664,3.8255,3.8822,3.9878,4.1133,4.2213,4.2392,4.2124
1/20/2026,3.5188,3.435,3.4272,3.4609,3.5215,3.5883,3.6578,3.727,3.7902,3.8507,3.9082,4.0143,4.1405,4.2483,4.266,4.2387
1/19/2026,3.5225,3.4353,3.4224,3.4462,3.4975,3.5565,3.6214,3.6867,3.7484,3.8071,3.8633,3.9675,4.0919,4.1995,4.217,4.1903
1/16/2026,3.5225,3.4353,3.4224,3.4462,3.4975,3.5565,3.6214,3.6867,3.7484,3.8071,3.8633,3.9675,4.0919,4.1995,4.217,4.1903
1/15/2026,3.5146,3.4214,3.4031,3.4205,3.4667,3.5226,3.5868,3.6527,3.7145,3.7745,3.8313,3.9378,4.0642,4.1747,4.1943,4.169
1/14/2026,3.4824,3.3773,3.3506,3.3611,3.4077,3.4648,3.5329,3.6024,3.6677,3.7303,3.7903,3.9015,4.0325,4.1471,4.1693,4.1455
1/13/2026,3.4969,3.3927,3.3701,3.3875,3.4394,3.501,3.5694,3.6389,3.704,3.7666,3.8263,3.937,4.0684,4.1835,4.2056,4.1819
1/12/2026,3.4967,3.395,3.3738,3.3937,3.4437,3.5025,3.5684,3.6354,3.6992,3.7604,3.8188,3.9276,4.0572,4.1699,4.1904,4.1658
1/9/2026,3.4895,3.3905,3.3717,3.3905,3.4369,3.4921,3.5558,3.6204,3.6828,3.7433,3.8005,3.908,4.036,4.148,4.1676,4.1423
1/8/2026,3.4506,3.3492,3.3285,3.3516,3.405,3.4668,3.536,3.6064,3.6727,3.7368,3.7985,3.9118,4.0464,4.1636,4.1868,4.1628
1/7/2026,3.4398,3.3364,3.3131,3.33,3.3811,3.4421,3.5113,3.582,3.6485,3.7129,3.7748,3.8902,4.027,4.1464,4.1709,4.1495
1/6/2026,3.4382,3.3323,3.3093,3.3312,3.3858,3.4503,3.5233,3.5978,3.6667,3.7333,3.7969,3.9155,4.0548,4.176,4.2013,4.1804
1/5/2026,3.4197,3.3154,3.2936,3.3182,3.3747,3.4409,3.5143,3.5878,3.657,3.7229,3.7866,3.9049,4.044,4.164,4.189,4.1679
1/2/2026,3.427,3.3284,3.313,3.3459,3.4066,3.4755,3.5486,3.6209,3.6887,3.7544,3.817,3.9333,4.0706,4.1878,4.2103,4.187
1/1/2026,3.427,3.3285,3.3116,3.3381,3.3957,3.4638,3.5355,3.6068,3.6735,3.7388,3.8023,3.9183,4.0538,4.17,4.191,4.1675
12/31/2025,3.427,3.3285,3.3116,3.3381,3.3957,3.4638,3.5355,3.6068,3.6735,3.7388,3.8023,3.9183,4.0538,4.17,4.191,4.1675
12/30/2025,3.419,3.3115,3.2866,3.3054,3.3578,3.4214,3.4927,3.5648,3.633,3.6989,3.7621,3.8803,4.0188,4.1374,4.1603,4.1376
12/29/2025,3.424,3.314,3.2878,3.301,3.3498,3.4104,3.4801,3.5506,3.6177,3.6827,3.7457,3.8638,4.0027,4.1221,4.1458,4.1238
12/26/2025,3.4399,3.336,3.3131,3.3267,3.3729,3.4315,3.4984,3.5675,3.6323,3.6958,3.7577,3.874,4.012,4.1302,4.153,4.1308
12/25/2025,3.4592,3.3563,3.3333,3.3485,3.3937,3.4515,3.5163,3.5819,3.6448,3.706,3.7656,3.8773,4.0093,4.1215,4.1394,4.1133
12/24/2025,3.4592,3.3563,3.3333,3.3485,3.3937,3.4515,3.5163,3.5819,3.6448,3.706,3.7656,3.8773,4.0093,4.1215,4.1394,4.1133
12/23/2025,3.484,3.3834,3.3618,3.3743,3.4176,3.4737,3.5376,3.6028,3.6656,3.7266,3.7863,3.8987,4.0311,4.1448,4.1633,4.1377
12/22/2025,3.455,3.349,3.3257,3.3414,3.3878,3.4472,3.516,3.5857,3.6528,3.7168,3.7788,3.894,4.0299,4.1453,4.1653,4.141
12/19/2025,3.4446,3.3321,3.3055,3.3203,3.3678,3.4288,3.4979,3.568,3.6347,3.6997,3.762,3.8783,4.0151,4.132,4.1529,4.1291
12/18/2025,3.4359,3.3196,3.2876,3.2956,3.3426,3.4032,3.4731,3.5441,3.6121,3.6775,3.7409,3.8581,3.9958,4.1129,4.1343,4.1112
12/17/2025,3.4552,3.3403,3.311,3.3211,3.3706,3.4336,3.5037,3.5745,3.6415,3.7066,3.7692,3.8854,4.021,4.1367,4.157,4.1327
12/16/2025,3.4675,3.3505,3.3158,3.3194,3.365,3.4249,3.4924,3.5615,3.6274,3.6912,3.7528,3.8677,4.0028,4.117,4.1366,4.1118
12/15/2025,3.4696,3.3585,3.3296,3.3409,3.3875,3.4474,3.5145,3.5826,3.6481,3.7116,3.773,3.8881,4.0236,4.1384,4.1585,4.1345
12/12/2025,3.487,3.3784,3.351,3.3605,3.4049,3.4622,3.526,3.5912,3.6538,3.7151,3.7747,3.8863,4.0186,4.1295,4.1471,4.1208
12/11/2025,3.502,3.3961,3.3661,3.368,3.4054,3.4559,3.5148,3.5763,3.6363,3.6955,3.7535,3.8616,3.9906,4.0983,4.1137,4.0855
12/10/2025,3.5025,3.3935,3.3646,3.367,3.4043,3.4553,3.5147,3.5761,3.6364,3.6955,3.7532,3.8621,3.9908,4.0989,4.1145,4.086
12/9/2025,3.5622,3.4558,3.4255,3.4209,3.4523,3.4985,3.5536,3.6113,3.6687,3.7258,3.7817,3.8866,4.0113,4.1153,4.1271,4.0958
12/8/2025,3.5336,3.4174,3.38,3.371,3.402,3.4508,3.5104,3.573,3.6353,3.6963,3.7557,3.8665,3.9963,4.1057,4.1209,4.0927
12/5/2025,3.5244,3.3998,3.3564,3.3406,3.3686,3.4158,3.4759,3.5397,3.6035,3.6665,3.728,3.8424,3.977,4.091,4.1094,4.0837
12/4/2025,3.503,3.3669,3.3168,3.2947,3.3229,3.3708,3.4311,3.495,3.5594,3.6226,3.6844,3.7989,3.9338,4.048,4.0661,4.04
12/3/2025,3.484,3.3403,3.2843,3.2563,3.2832,3.331,3.3921,3.4576,3.5231,3.5873,3.6503,3.7677,3.9048,4.0214,4.0411,4.0165
12/2/2025,3.5062,3.3617,3.3049,3.279,3.3067,3.3555,3.4163,3.4817,3.5465,3.6102,3.6723,3.7886,3.9244,4.039,4.0571,4.0315
12/1/2025,3.5268,3.3805,3.3218,3.2925,3.3183,3.3653,3.424,3.4869,3.5511,3.6141,3.675,3.7888,3.9217,4.0336,4.0497,4.0222
11/28/2025,3.514,3.3591,3.2924,3.2496,3.2678,3.306,3.361,3.4224,3.4844,3.547,3.6072,3.721,3.8557,3.9672,3.9847,3.957
11/27/2025,3.5029,3.3383,3.2678,3.2236,3.24,3.2797,3.3355,3.3965,3.4603,3.523,3.583,3.697,3.8305,3.9435,3.96,3.9335
11/26/2025,3.5015,3.3385,3.2676,3.2224,3.2388,3.279,3.3349,3.3963,3.4599,3.5223,3.5832,3.6971,3.8308,3.9431,3.9602,3.9336
11/25/2025,3.4995,3.334,3.2599,3.2151,3.231,3.2713,3.3289,3.3915,3.4556,3.5187,3.5801,3.6963,3.831,3.9447,3.9628,3.9373
11/24/2025,3.5245,3.3604,3.2864,3.2407,3.2554,3.2927,3.3505,3.413,3.4768,3.5392,3.5998,3.713,3.8443,3.9547,3.9701,3.9429
11/21/2025,3.5315,3.3635,3.2915,3.2509,3.2725,3.3177,3.3784,3.4433,3.5083,3.5718,3.6335,3.7476,3.8795,3.9903,4.0063,3.9793
11/20/2025,3.5533,3.382,3.3091,3.2685,3.2904,3.335,3.395,3.4591,3.5233,3.5855,3.6465,3.7588,3.8889,3.9968,4.0114,3.9835
11/19/2025,3.5986,3.4354,3.3659,3.3327,3.3507,3.3962,3.4539,3.5159,3.5778,3.6383,3.6969,3.8061,3.9325,4.0369,4.0493,4.0195
11/18/2025,3.5806,3.4189,3.3511,3.312,3.329,3.3704,3.4277,3.4897,3.5518,3.6123,3.6711,3.7794,3.9053,4.0091,4.0211,3.9908
11/17/2025,3.6158,3.4573,3.3928,3.3564,3.3741,3.415,3.4686,3.5272,3.5864,3.644,3.7003,3.8048,3.9271,4.0276,4.0367,4.0043
11/14/2025,3.6094,3.4535,3.3907,3.3555,3.3746,3.4162,3.4719,3.5325,3.5925,3.6514,3.7085,3.8146,3.9388,4.0414,4.0514,4.0202
11/13/2025,3.6007,3.4446,3.381,3.3435,3.3616,3.4019,3.4557,3.5148,3.5735,3.6307,3.687,3.7919,3.9145,4.016,4.0248,3.9933
11/12/2025,3.5809,3.4275,3.3635,3.3237,3.338,3.3749,3.4275,3.4857,3.5436,3.6001,3.6556,3.7593,3.8803,3.98,3.9879,3.9552
11/11/2025,3.5582,3.4404,3.3458,3.3497,3.366,3.405,3.4576,3.5152,3.5722,3.627,3.6805,3.783,3.9005,3.998,4.004,3.9709
11/10/2025,3.5933,3.443,3.383,3.3494,3.3676,3.4066,3.4587,3.5153,3.5716,3.6267,3.6808,3.7825,3.9012,3.9989,4.005,3.9709
11/7/2025,3.5695,3.4164,3.3541,3.3185,3.3361,3.3754,3.4296,3.4889,3.5478,3.6045,3.66,3.7637,3.8843,3.9838,3.9913,3.9583
11/6/2025,3.5623,3.4073,3.3452,3.3103,3.328,3.366,3.4186,3.4765,3.5338,3.5897,3.6448,3.7467,3.8664,3.9638,3.9704,3.9367
11/5/2025,3.6304,3.4825,3.4231,3.3906,3.4092,3.4504,3.5004,3.5574,3.613,3.6675,3.7207,3.8215,3.9386,4.0338,4.0389,4.0041
11/4/2025,3.5925,3.434,3.369,3.3325,3.3495,3.3873,3.4386,3.495,3.5501,3.6048,3.6582,3.7596,3.8776,3.9735,3.9798,3.9458
11/3/2025,3.615,3.4584,3.3946,3.3572,3.3735,3.4109,3.4626,3.519,3.5748,3.63,3.6835,3.7854,3.9035,3.9995,4.0054,3.9715
10/31/2025,3.5995,3.4362,3.3683,3.3273,3.3417,3.378,3.431,3.488,3.545,3.6009,3.6547,3.7552,3.8723,3.9664,3.9709,3.9363
10/30/2025,3.6123,3.4532,3.3872,3.346,3.3618,3.3987,3.4502,3.5056,3.5608,3.6152,3.6679,3.7658,3.8793,3.97,3.9725,3.936
10/29/2025,3.6162,3.446,3.3744,3.3294,3.3446,3.3801,3.4296,3.4829,3.5367,3.5898,3.6415,3.7378,3.8498,3.939,3.9405,3.9034
10/28/2025,3.4933,3.3324,3.2681,3.2311,3.2492,3.2861,3.3355,3.3886,3.4433,3.4972,3.5497,3.6488,3.7641,3.8581,3.8629,3.8283
10/27/2025,3.4932,3.331,3.2664,3.2299,3.2477,3.2852,3.3357,3.3905,3.4468,3.5018,3.555,3.6555,3.7722,3.8674,3.8732,3.8394
10/24/2025,3.48,3.3177,3.2544,3.2215,3.2435,3.285,3.3385,3.396,3.4539,3.5115,3.5667,3.6711,3.7922,3.892,3.9008,3.8698
10/23/2025,3.4923,3.3272,3.2616,3.2261,3.2477,3.2891,3.3409,3.397,3.4539,3.5101,3.5649,3.667,3.7852,3.8815,3.8878,3.8546
10/22/2025,3.4642,3.2877,3.2149,3.1715,3.1887,3.2281,3.28,3.337,3.3949,3.4523,3.5078,3.6117,3.7315,3.8303,3.8379,3.8058
10/21/2025,3.47,3.2945,3.2214,3.1761,3.1904,3.227,3.2781,3.3346,3.3921,3.4491,3.5046,3.6087,3.7285,3.8269,3.8346,3.8026
10/20/2025,3.4696,3.2955,3.2241,3.1809,3.1959,3.2327,3.2852,3.3428,3.4016,3.4593,3.5155,3.6208,3.742,3.8423,3.8507,3.8193
10/17/2025,3.4654,3.293,3.2247,3.1886,3.2093,3.2508,3.3056,3.3652,3.4253,3.4847,3.542,3.6487,3.7715,3.8729,3.8821,3.851
10/16/2025,3.436,3.2594,3.1865,3.145,3.1636,3.2056,3.2628,3.3258,3.3889,3.4502,3.51,3.6196,3.7457,3.8499,3.8615,3.8321
10/15/2025,3.5145,3.3401,3.2675,3.2229,3.2382,3.276,3.3301,3.3901,3.4501,3.5091,3.5666,3.6735,3.7962,3.8972,3.9067,3.8759
10/14/2025,3.51,3.3322,3.2583,3.217,3.2355,3.2761,3.3333,3.3961,3.458,3.5185,3.5775,3.6848,3.8081,3.9088,3.918,3.8868
10/13/2025,3.5155,3.3418,3.27,3.2261,3.2411,3.2766,3.3275,3.383,3.441,3.4968,3.5525,3.6557,3.775,3.873,3.8786,3.8491
10/10/2025,3.5155,3.3418,3.27,3.2261,3.2411,3.2766,3.3275,3.383,3.441,3.4968,3.5525,3.6557,3.775,3.873,3.8786,3.8491
10/9/2025,3.5935,3.4313,3.3664,3.3314,3.35,3.3884,3.4391,3.495,3.5516,3.6078,3.662,3.7644,3.883,3.9795,3.9853,3.9519
10/8/2025,3.5992,3.433,3.364,3.3221,3.3344,3.3686,3.4185,3.4744,3.5307,3.587,3.642,3.7464,3.8662,3.9655,3.973,3.9408
10/7/2025,3.5941,3.4225,3.3498,3.3084,3.3231,3.3605,3.4152,3.4763,3.5369,3.5961,3.6532,3.7595,3.8815,3.9814,3.9892,3.957
10/6/2025,3.6034,3.4354,3.3667,3.3278,3.3435,3.3808,3.4337,3.4925,3.5516,3.6093,3.6653,3.7694,3.8895,3.9876,3.9946,3.9614
10/3/2025,3.5956,3.4258,3.3553,3.3121,3.3255,3.3609,3.4099,3.4647,3.5203,3.5759,3.6298,3.7317,3.8503,3.9465,3.9525,3.9188
10/2/2025,3.5691,3.3967,3.3236,3.2774,3.2882,3.3221,3.3716,3.428,3.4852,3.5416,3.5974,3.7017,3.8229,3.9224,3.9296,3.897
10/1/2025,3.5755,3.4013,3.3255,3.2748,3.2868,3.3226,3.3748,3.4333,3.4921,3.55,3.6067,3.7138,3.8364,3.936,3.9437,3.9113
9/30/2025,3.6391,3.4705,3.396,3.3464,3.3566,3.39,3.439,3.494,3.5492,3.604,3.6571,3.7587,3.8749,3.9669,3.9698,3.9336
9/29/2025,3.6539,3.4827,3.4073,3.3548,3.3614,3.3915,3.4396,3.4929,3.548,3.6019,3.654,3.7519,3.8636,3.9507,3.9509,3.9119
9/26/2025,3.675,3.504,3.4275,3.3761,3.3846,3.4179,3.4663,3.5206,3.5756,3.6302,3.6831,3.782,3.8949,3.9836,3.9853,3.9472
9/25/2025,3.6947,3.5205,3.4399,3.3809,3.3827,3.4113,3.4571,3.5099,3.5646,3.619,3.6719,3.7705,3.8835,3.9741,3.9774,3.94
9/24/2025,3.6427,3.465,3.3799,3.3196,3.3244,3.3562,3.405,3.4609,3.5183,3.5755,3.6312,3.7355,3.8551,3.9533,3.9618,3.9285
9/23/2025,3.6245,3.436,3.3446,3.2784,3.279,3.3079,3.3578,3.4151,3.4744,3.5328,3.59,3.6964,3.819,3.9203,3.9306,3.8989
9/22/2025,3.6345,3.4481,3.3609,3.2999,3.3051,3.3384,3.3915,3.4518,3.513,3.573,3.631,3.7379,3.8608,3.962,3.9721,3.9398
9/19/2025,3.6104,3.4202,3.3306,3.2695,3.2765,3.3114,3.3655,3.4266,3.4882,3.5495,3.6084,3.7165,3.8408,3.9433,3.9541,3.9224
9/18/2025,3.601,3.4103,3.3213,3.2607,3.2656,3.2972,3.3495,3.408,3.4685,3.5287,3.587,3.6947,3.8194,3.9231,3.9349,3.9041
9/17/2025,3.601,3.4058,3.3124,3.2498,3.2563,3.2898,3.34,3.3968,3.4554,3.5141,3.571,3.6761,3.7973,3.8976,3.9069,3.8742
9/16/2025,3.5908,3.3738,3.2663,3.1891,3.1887,3.2187,3.2681,3.3257,3.3861,3.4464,3.505,3.6131,3.7383,3.8439,3.8566,3.8268
9/15/2025,3.611,3.4008,3.2964,3.2149,3.2095,3.2344,3.2807,3.3353,3.3942,3.4531,3.5107,3.6185,3.7439,3.8511,3.8645,3.8357
9/12/2025,3.6173,3.4142,3.3106,3.2335,3.231,3.2583,3.3048,3.3595,3.4182,3.4775,3.5347,3.6412,3.7654,3.8708,3.8825,3.8523
9/11/2025,3.6,3.3958,3.2909,3.21,3.2025,3.2266,3.2702,3.3225,3.3802,3.439,3.4961,3.6043,3.7313,3.8404,3.8549,3.8273
9/10/2025,3.6339,3.4171,3.302,3.2128,3.2039,3.2296,3.2785,3.3366,3.3992,3.4617,3.5227,3.6365,3.7682,3.8815,3.8985,3.8723
9/9/2025,3.6511,3.4323,3.3163,3.2267,3.2197,3.2491,3.3031,3.366,3.4325,3.4978,3.5605,3.6755,3.8072,3.9183,3.9334,3.906
9/8/2025,3.5835,3.3604,3.2458,3.1599,3.1582,3.1916,3.2462,3.31,3.3776,3.4434,3.507,3.6245,3.7591,3.8726,3.8901,3.8634
9/5/2025,3.612,3.3909,3.2789,3.1923,3.187,3.2195,3.2756,3.3413,3.4108,3.479,3.5449,3.6674,3.809,3.9289,3.9517,3.9291
9/4/2025,3.702,3.4751,3.3546,3.2565,3.2493,3.2829,3.3433,3.4141,3.4865,3.557,3.6253,3.7506,3.8939,4.0143,4.0375,4.0151
9/3/2025,3.7344,3.5113,3.391,3.2965,3.2937,3.3311,3.3936,3.4662,3.5388,3.6097,3.6778,3.8022,3.9428,4.0593,4.0799,4.0553
9/2/2025,3.7601,3.5352,3.4141,3.3193,3.317,3.356,3.4218,3.498,3.5733,3.6463,3.7165,3.8448,3.9903,4.1122,4.1359,4.1139
9/1/2025,3.763,3.5156,3.3908,3.294,3.2945,3.335,3.4003,3.4749,3.5497,3.6217,3.691,3.8185,3.9622,4.0832,4.1065,4.0844
8/29/2025,3.7515,3.5156,3.3908,3.294,3.2945,3.335,3.4003,3.4749,3.5497,3.6217,3.691,3.8185,3.9622,4.0832,4.1065,4.0844
8/28/2025,3.7631,3.5264,3.4003,3.2986,3.2942,3.3298,3.3908,3.4618,3.533,3.6026,3.6693,3.7914,3.9298,4.0446,4.0637,4.0386
8/27/2025,3.7502,3.5114,3.3854,3.2901,3.2919,3.3345,3.4036,3.4819,3.5578,3.6311,3.7013,3.8272,3.9679,4.0855,4.1057,4.0818
8/26/2025,3.776,3.5395,3.4184,3.3276,3.3333,3.3773,3.4449,3.5204,3.5935,3.6637,3.7307,3.8509,3.9857,4.0972,4.1128,4.0852
8/25/2025,3.8163,3.5885,3.4714,3.3816,3.3841,3.424,3.4863,3.555,3.623,3.6881,3.7514,3.8636,3.9896,4.0917,4.1012,4.0687
8/22/2025,3.7909,3.5597,3.4425,3.354,3.3595,3.4015,3.4645,3.5336,3.6016,3.6672,3.7304,3.8431,3.9701,4.0732,4.0829,4.0515
8/21/2025,3.8764,3.6549,3.5411,3.4524,3.4557,3.4951,3.553,3.6169,3.6804,3.742,3.8016,3.9084,4.0285,4.1246,4.1293,4.0936
8/20/2025,3.8321,3.6146,3.5028,3.4145,3.415,3.4531,3.5131,3.5794,3.6452,3.7089,3.77,3.8799,4.0029,4.1021,4.1092,4.0751
8/19/2025,3.8312,3.6166,3.5078,3.4226,3.4257,3.4655,3.5249,3.5901,3.655,3.7181,3.7784,3.8877,4.0104,4.1097,4.1167,4.0824
8/18/2025,3.8514,3.6347,3.5255,3.4402,3.4457,3.4877,3.5483,3.6142,3.6801,3.7435,3.8045,3.9135,4.036,4.1351,4.1414,4.1067
8/15/2025,3.8396,3.622,3.5109,3.4285,3.437,3.48,3.5405,3.6058,3.6705,3.7335,3.7941,3.9024,4.025,4.1242,4.1306,4.0962
8/14/2025,3.8143,3.5976,3.4886,3.4072,3.4141,3.4548,3.5128,3.5763,3.6399,3.7015,3.7608,3.8665,3.9859,4.0811,4.0853,4.0486
8/13/2025,3.76,3.5423,3.4333,3.3532,3.3607,3.4025,3.461,3.5248,3.5886,3.6502,3.7094,3.8167,3.9372,4.0337,4.0386,4.0024
8/12/2025,3.8063,3.5895,3.4846,3.4088,3.4174,3.4588,3.516,3.5786,3.6408,3.701,3.7593,3.8655,3.9854,4.0809,4.0849,4.0484
8/11/2025,3.8478,3.6316,3.527,3.4433,3.4428,3.4764,3.5285,3.5871,3.6466,3.7043,3.76,3.8622,3.9775,4.0685,4.0698,4.0313
8/8/2025,3.8475,3.6332,3.5255,3.4399,3.4386,3.4705,3.5223,3.5804,3.6395,3.6969,3.7521,3.8532,3.9676,4.0571,4.0576,4.0177
8/7/2025,3.8151,3.595,3.484,3.3977,3.3969,3.4304,3.484,3.5438,3.6043,3.6627,3.7193,3.822,3.9378,4.029,4.0305,3.9921
8/6/2025,3.817,3.5905,3.4747,3.386,3.3844,3.4177,3.4717,3.5323,3.5935,3.6522,3.7093,3.8135,3.9306,4.022,4.0243,3.9852
8/5/2025,3.8386,3.6077,3.4893,3.3962,3.3881,3.416,3.4644,3.52,3.5767,3.6316,3.6853,3.7833,3.894,3.9793,3.9773,3.9356
8/4/2025,3.7954,3.5592,3.4422,3.35,3.3454,3.3778,3.4316,3.4921,3.5535,3.612,3.669,3.7729,3.8899,3.981,3.983,3.9445
8/1/2025,3.8153,3.577,3.457,3.3685,3.368,3.405,3.462,3.5253,3.5881,3.6485,3.7069,3.8116,3.9297,4.0212,4.0233,3.9847
7/31/2025,4.0781,3.8522,3.7238,3.6076,3.5869,3.6056,3.647,3.6961,3.7469,3.7969,3.8456,3.935,4.0373,4.1131,4.1041,4.0569
7/30/2025,4.053,3.8305,3.7046,3.5912,3.5717,3.5913,3.635,3.6864,3.7388,3.7903,3.8406,3.9324,4.0363,4.113,4.1046,4.0581
7/29/2025,3.9735,3.7495,3.6257,3.5195,3.5069,3.5328,3.5809,3.6353,3.6904,3.7443,3.7965,3.8916,3.9995,4.08,4.0739,4.0294
7/28/2025,4.007,3.7915,3.6742,3.5765,3.5703,3.6019,3.6536,3.7115,3.7689,3.8249,3.8788,3.9767,4.0876,4.1712,4.1668,4.1234
7/25/2025,4.0093,3.7913,3.6747,3.575,3.5665,3.5956,3.6449,3.7005,3.7563,3.8107,3.8635,3.9599,4.0695,4.152,4.147,4.1027
7/24/2025,4.0103,3.7851,3.6654,3.5674,3.5621,3.5944,3.6442,3.7003,3.7556,3.8101,3.8631,3.959,4.0688,4.1513,4.1458,4.1016
7/23/2025,3.988,3.7541,3.6301,3.53,3.526,3.5608,3.6147,3.675,3.734,3.791,3.8465,3.946,4.0589,4.1449,4.1415,4.0989
7/22/2025,3.9689,3.7181,3.587,3.4842,3.4825,3.519,3.575,3.6375,3.6978,3.7561,3.8124,3.9142,4.0296,4.119,4.1178,4.0771
7/21/2025,3.9854,3.741,3.6158,3.5154,3.5147,3.5515,3.6061,3.6665,3.7255,3.7825,3.8374,3.937,4.0505,4.1377,4.136,4.095
7/18/2025,3.9866,3.7491,3.6283,3.536,3.537,3.5746,3.632,3.6968,3.757,3.8128,3.8687,3.9682,4.081,4.1667,4.1669,4.1255
7/17/2025,4.0128,3.7786,3.66,3.5707,3.5746,3.6123,3.6685,3.7296,3.7884,3.845,3.9,3.9982,4.1093,4.1932,4.1896,4.1474
7/16/2025,3.9924,3.7596,3.6444,3.5628,3.5682,3.6074,3.6641,3.7256,3.7845,3.8413,3.8958,3.9937,4.1039,4.1867,4.1823,4.1398
7/15/2025,4.0256,3.8032,3.6942,3.6144,3.617,3.6516,3.704,3.7614,3.8169,3.8708,3.922,4.0174,4.1231,4.2023,4.1951,4.1506
7/14/2025,3.9885,3.7614,3.6525,3.57,3.5698,3.6025,3.6551,3.7132,3.77,3.8245,3.8773,3.9725,4.0793,4.159,4.1526,4.1087
7/11/2025,3.975,3.7496,3.6357,3.5505,3.5495,3.5808,3.6331,3.6905,3.7469,3.8015,3.8543,3.949,4.055,4.1343,4.127,4.0827
7/10/2025,3.962,3.7334,3.6198,3.5312,3.5232,3.5483,3.595,3.6476,3.7003,3.7514,3.8015,3.893,3.9956,4.0723,4.0632,4.0178
7/9/2025,3.9525,3.7163,3.5969,3.5051,3.4967,3.5224,3.5708,3.6249,3.679,3.7317,3.7829,3.877,3.9816,4.0611,4.054,4.0099
7/8/2025,3.995,3.7611,3.6448,3.5594,3.5556,3.5855,3.6355,3.691,3.7455,3.7985,3.8491,3.9415,4.0436,4.1191,4.1089,4.0627
7/7/2025,3.986,3.7498,3.6331,3.5433,3.538,3.5674,3.6163,3.6699,3.7241,3.7765,3.8269,3.9193,4.0227,4.0998,4.0905,4.0454
7/4/2025,3.96,3.7462,3.6271,3.5368,3.5277,3.5528,3.5988,3.6497,3.7021,3.7529,3.8013,3.8901,3.9894,4.063,4.0503,4.0023
7/3/2025,3.983,3.7462,3.6271,3.5368,3.5277,3.5528,3.5988,3.6497,3.7021,3.7529,3.8013,3.8901,3.9894,4.063,4.0503,4.0023
7/2/2025,3.8761,3.6448,3.5347,3.4582,3.4571,3.489,3.5366,3.5888,3.6413,3.692,3.7411,3.8296,3.9285,4,3.9873,3.9388
7/1/2025,3.8909,3.6512,3.5331,3.4465,3.44,3.4675,3.513,3.5638,3.615,3.6646,3.7129,3.801,3.8995,3.9713,3.9581,3.9094
6/30/2025,3.8667,3.6121,3.4903,3.3993,3.3967,3.4284,3.477,3.5305,3.5847,3.6364,3.6865,3.7784,3.881,3.9564,3.9459,3.8996
6/27/2025,3.8874,3.6404,3.5215,3.4309,3.4256,3.4571,3.5089,3.5656,3.622,3.6763,3.7285,3.8225,3.9275,4.005,3.9957,3.9504
6/26/2025,3.878,3.6295,3.504,3.4069,3.3968,3.4245,3.4745,3.53,3.5857,3.6392,3.6907,3.7829,3.8859,3.9608,3.95,3.9045
6/25/2025,3.9166,3.6829,3.5629,3.4695,3.4616,3.4895,3.5368,3.5889,3.641,3.6912,3.7397,3.8279,3.9259,3.9955,3.982,3.9342
6/24/2025,3.9491,3.7115,3.5884,3.4898,3.4783,3.5035,3.5483,3.5984,3.6485,3.6975,3.7443,3.8313,3.9282,3.9964,3.9819,3.9334
6/23/2025,3.9868,3.7544,3.6355,3.5383,3.5293,3.5562,3.603,3.6544,3.7059,3.7553,3.803,3.8884,3.9838,4.0493,4.033,3.9828
6/20/2025,4.0213,3.7995,3.6828,3.591,3.5806,3.6044,3.6476,3.6963,3.745,3.7919,3.8378,3.921,4.0144,4.0784,4.0605,4.009
6/19/2025,4.0505,3.83,3.7137,3.6199,3.6102,3.633,3.6742,3.7203,3.7668,3.8117,3.856,3.9363,4.026,4.087,4.0674,4.0141
6/18/2025,4.0488,3.8306,3.7136,3.6199,3.609,3.6314,3.6723,3.7189,3.765,3.8101,3.8541,3.9343,4.0244,4.0853,4.0651,4.012
6/17/2025,4.0645,3.8444,3.7248,3.6287,3.6184,3.6393,3.6798,3.7258,3.7731,3.8179,3.8616,3.9435,4.0345,4.0962,4.0761,4.0237
6/16/2025,4.065,3.8538,3.7431,3.6571,3.6507,3.6765,3.7216,3.772,3.8212,3.8688,3.9137,3.9975,4.0899,4.1533,4.1347,4.0832
6/13/2025,4.0335,3.8241,3.714,3.626,3.6168,3.639,3.6814,3.7281,3.7747,3.8201,3.8636,3.944,4.0331,4.0935,4.0731,4.0205
6/12/2025,4.0152,3.8001,3.689,3.6025,3.5957,3.6192,3.6619,3.7094,3.7559,3.8008,3.844,3.9235,4.0111,4.0691,4.0471,3.9929
6/11/2025,4.0427,3.8382,3.731,3.6482,3.6455,3.6723,3.7172,3.7664,3.8141,3.8595,3.9036,3.9861,4.0769,4.1381,4.1184,4.0659
6/10/2025,4.0958,3.899,3.796,3.7155,3.7101,3.7332,3.7744,3.8196,3.8638,3.9063,3.9476,4.0234,4.1072,4.161,4.1356,4.0786
6/9/2025,4.088,3.8877,3.7822,3.703,3.7026,3.7297,3.7734,3.8207,3.8667,3.9109,3.9534,4.0306,4.1155,4.1705,4.146,4.0895
6/6/2025,4.0953,3.9078,3.811,3.736,3.7353,3.7614,3.8031,3.8487,3.8935,3.9365,3.9782,4.0541,4.1382,4.1929,4.1685,4.1121
6/5/2025,4.016,3.8077,3.6989,3.6163,3.6148,3.6425,3.6871,3.7357,3.7837,3.8295,3.8741,3.955,4.0439,4.1043,4.0837,4.0305
6/4/2025,3.9904,3.7705,3.6515,3.5586,3.5545,3.5833,3.6335,3.6879,3.7407,3.7912,3.8399,3.9268,4.022,4.0885,4.0721,4.0219
6/3/2025,4.055,3.8483,3.7354,3.6464,3.6439,3.6746,3.7235,3.7769,3.8282,3.8777,3.9252,4.0118,4.1069,4.1731,4.1559,4.1052
6/2/2025,4.0465,3.8327,3.7156,3.6223,3.6167,3.6459,3.6949,3.7485,3.8009,3.8507,3.8986,3.9848,4.0794,4.145,4.1271,4.0765
5/30/2025,4.0249,3.8016,3.6781,3.5783,3.573,3.6025,3.6525,3.7069,3.7593,3.8097,3.8577,3.945,4.0409,4.1075,4.091,4.0406
5/29/2025,4.0537,3.8331,3.7116,3.6148,3.6085,3.636,3.6812,3.731,3.7795,3.826,3.871,3.9525,4.0422,4.1026,4.0825,4.0289
5/28/2025,4.1013,3.8874,3.7694,3.6704,3.6616,3.6869,3.7325,3.7825,3.8313,3.8777,3.9225,4.0039,4.0937,4.1542,4.1336,4.08
5/27/2025,4.0873,3.8671,3.744,3.6435,3.6336,3.6562,3.701,3.7501,3.7989,3.8448,3.8892,3.9715,4.062,4.1239,4.1048,4.0525
5/26/2025,4.0861,3.8635,3.7523,3.6634,3.6628,3.691,3.742,3.7955,3.8485,3.8978,3.9444,4.0306,4.1231,4.1905,4.1724,4.122
5/23/2025,4.0861,3.8635,3.7523,3.6634,3.6628,3.691,3.742,3.7955,3.8485,3.8978,3.9444,4.0306,4.1231,4.1905,4.1724,4.122
5/22/2025,4.0789,3.8735,3.7678,3.6903,3.6919,3.7238,3.7757,3.8307,3.8827,3.9318,3.9785,4.062,4.1533,4.2161,4.1964,4.1425
5/21/2025,4.0795,3.8852,3.7882,3.7242,3.7345,3.7721,3.8256,3.8807,3.932,3.9798,4.026,4.1069,4.1943,4.253,4.23,4.1738
5/20/2025,4.0668,3.8551,3.749,3.6705,3.673,3.7058,3.7538,3.8045,3.852,3.8971,3.9407,4.0197,4.1058,4.165,4.1425,4.0861
5/19/2025,4.0666,3.8615,3.7593,3.6785,3.6748,3.7005,3.7426,3.7875,3.8308,3.8715,3.9113,3.9838,4.063,4.1151,4.0876,4.028
5/16/2025,4.085,3.8886,3.7893,3.7135,3.7112,3.7379,3.7813,3.8276,3.8716,3.9131,3.9544,4.029,4.1115,4.1806,4.1545,4.0838
5/15/2025,4.0473,3.8445,3.7464,3.6758,3.6757,3.7029,3.7452,3.7899,3.8329,3.8738,3.9135,3.9862,4.0647,4.1166,4.089,4.0289
5/14/2025,4.1023,3.9255,3.8408,3.7808,3.7836,3.8117,3.853,3.8956,3.9364,3.9753,4.0135,4.0823,4.1573,4.2054,4.1748,4.112
5/13/2025,4.0717,3.8776,3.7868,3.7196,3.7174,3.742,3.7824,3.8255,3.8662,3.9055,3.9439,4.0146,4.0918,4.1429,4.114,4.0527
5/12/2025,4.066,3.8791,3.796,3.7357,3.7328,3.7562,3.7965,3.8389,3.8795,3.9181,3.9563,4.0274,4.1052,4.1564,4.1271,4.0664
5/9/2025,3.9815,3.7719,3.6708,3.6018,3.6038,3.6355,3.68,3.7247,3.7685,3.8098,3.8498,3.9249,4.007,4.0621,4.0357,3.9768
5/8/2025,3.9718,3.7534,3.6495,3.5795,3.5843,3.6172,3.6645,3.7128,3.759,3.8025,3.8449,3.9219,4.0056,4.0617,4.0359,3.9776
5/7/2025,3.9056,3.665,3.5465,3.4618,3.4625,3.4957,3.5445,3.5946,3.6427,3.6885,3.7329,3.8142,3.9025,3.9648,3.9441,3.8873
5/6/2025,3.8918,3.656,3.5428,3.4661,3.4742,3.5128,3.5634,3.6145,3.6635,3.7096,3.7535,3.834,3.9205,3.9802,3.9564,3.8997
5/5/2025,3.9318,3.7037,3.5958,3.5186,3.5263,3.5642,3.6159,3.668,3.7177,3.7645,3.8088,3.8877,3.9724,4.0294,4.0034,3.9456
5/2/2025,3.9062,3.688,3.585,3.5086,3.5106,3.5423,3.5894,3.6378,3.6843,3.7285,3.7705,3.8477,3.9308,3.9868,3.9605,3.9026
5/1/2025,3.8048,3.5706,3.4611,3.386,3.3958,3.4358,3.4907,3.5454,3.597,3.6455,3.6915,3.7739,3.8626,3.9237,3.9003,3.8445
4/30/2025,3.7435,3.4917,3.3727,3.2986,3.3114,3.354,3.4149,3.4749,3.531,3.5834,3.6328,3.7205,3.8146,3.8802,3.861,3.8088
4/29/2025,3.7815,3.5278,3.4118,3.3424,3.3529,3.3941,3.4498,3.5065,3.5582,3.6065,3.6527,3.7335,3.8205,3.8783,3.8537,3.797
4/28/2025,3.813,3.5711,3.4593,3.3933,3.4053,3.4467,3.5012,3.555,3.6046,3.6507,3.695,3.7746,3.8604,3.9178,3.892,3.8351
4/25/2025,3.8388,3.6129,3.5092,3.4421,3.4531,3.4928,3.5435,3.5931,3.6396,3.6827,3.724,3.7991,3.8825,3.9335,3.9052,3.8461
4/24/2025,3.8722,3.6561,3.5587,3.5018,3.5202,3.5654,3.6195,3.671,3.7185,3.7625,3.8048,3.8802,3.9619,4.0128,3.9834,3.9236
4/23/2025,3.9203,3.7199,3.6307,3.5781,3.5976,3.641,3.6885,3.7334,3.7747,3.8141,3.852,3.9215,3.9966,4.0413,4.0079,3.9448
4/22/2025,3.868,3.6534,3.5592,3.512,3.5444,3.6001,3.6587,3.7128,3.7618,3.8075,3.8511,3.9288,4.0125,4.064,4.0346,3.9737
4/21/2025,3.826,3.6015,3.5026,3.4618,3.5027,3.5666,3.6314,3.6915,3.7465,3.7964,3.843,3.9231,4.0088,4.0625,4.0336,3.9731
4/18/2025,3.861,3.648,3.544,3.4987,3.5282,3.566,3.6176,3.6671,3.7134,3.7562,3.7975,3.8744,3.9554,4.0059,3.9761,3.9156
4/17/2025,3.861,3.648,3.544,3.4987,3.5282,3.566,3.6176,3.6671,3.7134,3.7562,3.7975,3.8744,3.9554,4.0059,3.9761,3.9156
4/16/2025,3.835,3.6239,3.527,3.4705,3.489,3.5295,3.5789,3.6272,3.672,3.7138,3.7541,3.8271,3.9054,3.9531,3.9215,3.8603
4/15/2025,3.887,3.6917,3.6047,3.5542,3.5723,3.6102,3.6547,3.6979,3.7379,3.7754,3.8123,3.8822,3.958,4.0016,3.9685,3.905
4/14/2025,3.8886,3.7023,3.6208,3.5799,3.6021,3.6417,3.6901,3.7364,3.7792,3.8192,3.8574,3.9292,4.0059,4.0516,4.0169,3.9523
4/11/2025,3.9374,3.7783,3.7129,3.6866,3.7139,3.7529,3.7935,3.8315,3.8668,3.8999,3.9321,3.993,4.0576,4.0927,4.0506,3.9798
4/10/2025,3.8653,3.6877,3.6131,3.5854,3.618,3.6623,3.7059,3.7511,3.7914,3.8293,3.8653,3.9305,4.0026,4.0459,4.0135,3.9495
4/9/2025,3.9546,3.7756,3.6925,3.6425,3.6472,3.6673,3.6964,3.7255,3.7529,3.7805,3.809,3.8655,3.9276,3.9654,3.928,3.8612
4/8/2025,3.7191,3.5253,3.4401,3.402,3.425,3.4637,3.513,3.5629,3.6084,3.651,3.6902,3.7607,3.836,3.8853,3.857,3.797
4/7/2025,3.8059,3.6114,3.52,3.4584,3.4615,3.4852,3.5196,3.5555,3.5909,3.625,3.6583,3.7178,3.7843,3.8245,3.7902,3.7262
4/4/2025,3.7528,3.54,3.4381,3.359,3.3513,3.3676,3.392,3.4203,3.4501,3.48,3.5101,3.5662,3.6301,3.6703,3.6366,3.5745
4/3/2025,3.8269,3.6053,3.4974,3.4071,3.3933,3.4064,3.4339,3.4655,3.497,3.5279,3.5607,3.6214,3.6915,3.738,3.7097,3.6509
4/2/2025,3.9691,3.7794,3.6856,3.5983,3.579,3.5825,3.598,3.6205,3.6441,3.6727,3.6941,3.743,3.7966,3.8287,3.79,3.7238
4/1/2025,3.966,3.792,3.7142,3.6392,3.621,3.625,3.6432,3.6645,3.686,3.7081,3.731,3.7775,3.8324,3.86,3.8191,3.7509
3/31/2025,3.9712,3.7963,3.7174,3.6456,3.6348,3.6453,3.667,3.6909,3.714,3.7373,3.7613,3.8092,3.8652,3.8952,3.855,3.7876
3/28/2025,3.9842,3.8156,3.7385,3.6673,3.6598,3.6737,3.6979,3.7235,3.7483,3.773,3.7981,3.848,3.9071,3.9394,3.9005,3.8345
3/27/2025,4.0573,3.8984,3.8276,3.765,3.7635,3.7817,3.8085,3.836,3.8615,3.8865,3.912,3.9601,4.0155,4.0416,3.9996,3.9308
3/26/2025,4.067,3.9162,3.8481,3.7831,3.7785,3.7924,3.8133,3.835,3.8563,3.8783,3.9007,3.9461,3.999,4.024,3.9806,3.9112
3/25/2025,4.066,3.9103,3.8401,3.7724,3.7636,3.7732,3.7918,3.8125,3.8335,3.8545,3.8765,3.9208,3.973,3.9974,3.9533,3.8831
3/24/2025,4.0733,3.9212,3.8554,3.7923,3.787,3.7981,3.8165,3.8368,3.8572,3.8777,3.899,3.9405,3.9893,4.0098,3.963,3.8906
3/21/2025,4.0134,3.8478,3.774,3.7082,3.7003,3.7096,3.7286,3.7494,3.7707,3.7925,3.8151,3.8597,3.912,3.9365,3.8925,3.8223
3/20/2025,4.033,3.8692,3.7951,3.7261,3.716,3.723,3.7381,3.7556,3.774,3.793,3.8133,3.8539,3.9017,3.9209,3.873,3.7997
3/19/2025,4.0475,3.883,3.8097,3.7411,3.7321,3.7409,3.7569,3.775,3.7935,3.8121,3.832,3.8725,3.9197,3.9378,3.8889,3.8146
3/18/2025,4.0895,3.9404,3.8748,3.8062,3.7886,3.7895,3.8021,3.8183,3.835,3.852,3.8706,3.9101,3.956,3.973,3.9237,3.8495
3/17/2025,4.0838,3.9386,3.8783,3.8146,3.8044,3.8103,3.8242,3.8401,3.8564,3.8734,3.8914,3.9289,3.9724,3.9865,3.935,3.8593
3/14/2025,4.0479,3.9088,3.8524,3.7971,3.7925,3.8046,3.8225,3.8417,3.8609,3.8801,3.9001,3.9403,3.9867,4.0032,3.9535,3.8791
3/13/2025,4.0065,3.8529,3.7911,3.7338,3.7319,3.7448,3.7646,3.7855,3.806,3.8265,3.8479,3.89,3.9387,3.9573,3.908,3.8354
3/12/2025,4.0287,3.8828,3.8234,3.7701,3.7677,3.7797,3.7991,3.82,3.84,3.8605,3.8816,3.924,3.973,3.9903,3.9413,3.8685
3/11/2025,3.9908,3.8355,3.7748,3.7239,3.7226,3.7354,3.755,3.7763,3.7964,3.817,3.838,3.88,3.9283,3.9436,3.893,3.8194
3/10/2025,3.9405,3.774,3.7083,3.6539,3.6505,3.6615,3.6816,3.7039,3.7252,3.7466,3.7685,3.812,3.8621,3.8789,3.8298,3.7576
3/7/2025,4.0287,3.8857,3.831,3.7851,3.783,3.792,3.806,3.8215,3.8365,3.852,3.869,3.9046,3.9452,3.954,3.8991,3.8217
3/6/2025,3.9885,3.8464,3.7945,3.7542,3.7564,3.7687,3.7848,3.8018,3.8183,3.835,3.8531,3.8889,3.9305,3.94,3.8858,3.8083
3/5/2025,4.0429,3.9005,3.8455,3.7962,3.788,3.7924,3.802,3.8137,3.8262,3.8401,3.8555,3.889,3.9283,3.937,3.8823,3.8049
3/4/2025,4.039,3.8896,3.8285,3.7684,3.7565,3.7589,3.7667,3.7772,3.7896,3.803,3.8182,3.8506,3.889,3.8971,3.8418,3.7639
3/3/2025,4.0206,3.8653,3.7981,3.7184,3.6897,3.6813,3.6875,3.6978,3.7106,3.7246,3.7401,3.7738,3.813,3.823,3.7687,3.6917
2/28/2025,4.0507,3.902,3.8378,3.7638,3.7404,3.7358,3.7415,3.7509,3.7622,3.7752,3.7897,3.8214,3.8592,3.8667,3.8108,3.7325
2/27/2025,4.1013,3.9585,3.8938,3.8158,3.792,3.7874,3.7932,3.8024,3.8132,3.8252,3.8393,3.8703,3.9072,3.9138,3.8566,3.7775
2/26/2025,4.1177,3.9769,3.9126,3.8335,3.8068,3.7987,3.8022,3.8093,3.819,3.8295,3.842,3.8701,3.9038,3.9065,3.8469,3.7655
2/25/2025,4.1228,3.9915,3.9347,3.8678,3.846,3.8409,3.8455,3.853,3.863,3.8736,3.8859,3.9135,3.9464,3.948,3.8875,3.8055
2/24/2025,4.1617,4.0513,4.0101,3.9644,3.9542,3.955,3.9618,3.9707,3.9804,3.9911,4.0035,4.0305,4.063,4.0633,4.002,3.9193
2/21/2025,4.1771,4.0775,4.0423,3.9998,3.9895,3.9902,3.9965,4.0047,4.014,4.0239,4.0357,4.0625,4.0949,4.0963,4.0347,3.9523
2/20/2025,4.2285,4.1443,4.1171,4.0793,4.0672,4.0663,4.0724,4.0805,4.0892,4.0992,4.1104,4.1361,4.1672,4.1665,4.1037,4.0202
2/19/2025,4.2415,4.1546,4.127,4.0936,4.0898,4.0951,4.1039,4.1137,4.1235,4.1342,4.1461,4.1723,4.2038,4.2028,4.1388,4.0551
2/18/2025,4.2597,4.178,4.1545,4.1218,4.1123,4.112,4.1165,4.1223,4.1291,4.1375,4.147,4.1704,4.1995,4.1965,4.13,4.0443
2/17/2025,4.2254,4.1347,4.1121,4.0699,4.0503,4.0428,4.0466,4.0545,4.0625,4.0715,4.0825,4.1072,4.1377,4.1361,4.07,3.9849
2/14/2025,4.2324,4.1425,4.1121,4.0699,4.0503,4.0428,4.0466,4.0545,4.0625,4.0715,4.0825,4.1072,4.1377,4.1361,4.07,3.9849
2/13/2025,4.2685,4.19,4.1663,4.1313,4.1183,4.1157,4.1205,4.127,4.134,4.1423,4.1519,4.175,4.2035,4.199,4.1306,4.0435
2/12/2025,4.2981,4.23,4.2152,4.1945,4.1921,4.1967,4.205,4.213,4.2198,4.2276,4.2366,4.2582,4.2846,4.2767,4.2063,4.117
2/11/2025,4.2451,4.1622,4.1348,4.0975,4.0851,4.0828,4.0873,4.0935,4.0999,4.1072,4.1163,4.1379,4.1646,4.1563,4.0855,3.9966
2/10/2025,4.2318,4.1462,4.1179,4.0749,4.056,4.0488,4.0505,4.0545,4.0593,4.0653,4.0736,4.095,4.1212,4.1121,4.0415,3.9519
2/7/2025,4.2387,4.1572,4.13,4.0885,4.0715,4.0649,4.0644,4.066,4.0685,4.0728,4.0792,4.098,4.121,4.1095,4.0365,3.946
2/6/2025,4.1818,4.0895,4.0575,4.0131,3.994,3.9862,3.9857,3.9874,3.9904,3.9948,4.002,4.022,4.0464,4.0363,3.9642,3.8745
2/5/2025,4.1702,4.0722,4.0357,3.9865,3.9655,3.9574,3.9568,3.9587,3.9624,3.9676,3.975,3.9951,4.0194,4.0092,3.9368,3.8467
2/4/2025,4.1818,4.0906,4.0632,4.0297,4.0211,4.0212,4.026,4.0314,4.0378,4.0448,4.0541,4.0757,4.1018,4.0918,4.0204,3.9312
2/3/2025,4.1964,4.1138,4.0948,4.0706,4.0646,4.0662,4.0721,4.0785,4.0853,4.0929,4.1025,4.1236,4.1491,4.1386,4.0664,3.977
